P001,P002,P003,P004,P005,P006,P007,P008,P009,P010,P011,P012,P013,P014,P015,P016,P017,P018,P019,P020,P021,P022,P023,P024,P025,P026,P027,P028,P029,P030,P031,P032,P033,P034,P035,P036,P037,P038,P039,P040,P041,P042,P043,P044,P045,P046,P047,P048,P049,P050,P051,P052,P053,P054,P055,P056,P057,P058,P059,P060,P061,P062,P063,P064,P065,P066,P067,P068,P069,P070,P071,P072,P073,P074,P075,P076,P077,P078,P079,P080,P081,P082,P083,P084,P085,P086,P087,P088,P089,P090,P091,P092,P093,P094,P095,P096,P097,P098,P099,P100,P101,P102,P103,P104,P105,P106,P107,P108,P109,P110,P111,P112,P113,P114,P115,P116,P117,P118,P119,P120,P121,P122,P123,P124,P125,P126,P127,P128,P129,P130,P131,P132,P133,P134,P135,P136,P137,P138,P139,P140,P141,P142,P143,P144,P145,P146,P147,P148,P149,P150,P151,
36,46,8,22,27,9,13,14,20,20,14,10,4,9,7,17,26,13,18,19,16,2,5,12,14,7,9,27,15,14,5,7,18,16,13,23,13,9,18,8,14,7,26,33,13,10,28,19,13,19,61,11,14,35,33,30,14,8,12,12,12,20,20,17,4,12,8,18,18,10,6,25,18,11,8,15,21,16,22,15,17,39,8,20,22,21,10,13,22,36,13,14,30,7,11,20,24,10,16,47,32,9,26,25,26,39,6,20,5,6,20,18,21,12,12,31,0,18,7,13,27,18,29,7,19,26,21,16,7,17,8,22,22,23,18,28,20,16,21,16,15,27,26,9,22,18,13,35,19,21,16,
47,51,23,26,35,0,23,22,24,25,4,1,10,31,17,10,28,15,26,26,41,12,18,8,20,7,27,24,23,16,13,30,17,31,18,37,18,5,25,20,16,4,22,29,20,34,30,32,27,36,65,8,30,38,46,34,16,23,8,17,5,38,29,16,30,9,26,20,28,11,11,27,17,24,28,17,18,15,18,22,34,41,13,35,33,9,28,32,19,61,31,20,39,15,18,29,47,23,23,49,32,12,34,33,37,59,7,19,10,15,18,4,28,18,20,60,0,19,25,19,47,24,13,34,15,22,22,21,3,36,7,33,28,18,29,28,37,0,21,28,3,24,25,31,23,22,7,44,29,48,20,
54,54,25,26,63,9,24,26,32,33,6,10,22,37,32,17,43,24,31,17,44,14,12,19,28,16,27,32,19,18,12,29,26,44,22,36,22,7,32,28,20,0,36,53,20,24,34,21,25,43,69,3,29,34,56,33,18,42,15,39,3,47,54,12,42,14,18,28,29,20,13,22,14,34,34,15,24,15,20,27,24,46,24,40,43,16,39,47,11,64,29,22,42,12,21,18,43,30,26,48,46,11,37,31,35,41,10,18,10,16,32,2,0,24,27,67,16,21,23,26,46,17,36,31,20,22,26,11,12,21,13,13,21,9,52,30,36,5,29,23,4,31,32,29,25,27,26,38,31,46,34,
55,58,33,41,53,0,21,28,40,28,19,16,29,32,25,27,45,23,33,19,37,14,25,28,18,22,26,19,21,25,22,24,25,36,9,23,20,16,25,24,33,2,29,34,27,26,19,39,19,33,62,15,27,46,61,17,29,40,16,43,8,46,39,12,23,12,29,31,42,14,14,23,30,29,29,23,17,25,18,36,50,49,20,44,46,13,25,49,15,70,35,31,60,11,38,29,58,32,15,34,51,12,41,38,30,7,10,21,42,16,24,2,23,22,20,70,15,17,33,27,71,19,30,36,26,33,29,25,7,33,19,25,23,23,47,57,40,41,22,28,19,23,48,36,5,29,27,47,34,36,25,
57,70,36,48,69,11,33,35,43,13,20,28,30,40,35,34,41,30,43,32,47,14,1,32,18,23,26,38,31,29,2,16,32,49,9,38,27,15,32,31,28,0,42,50,30,41,31,40,19,62,66,21,29,47,62,23,37,49,12,34,14,28,38,7,23,17,40,46,27,35,12,22,39,43,35,20,21,26,12,37,50,44,27,55,40,7,42,36,23,63,38,36,50,13,37,29,44,26,12,28,52,29,41,36,28,32,7,19,46,12,39,22,24,26,18,67,13,21,38,21,42,14,36,44,25,36,14,33,11,32,27,22,14,15,48,28,33,36,29,32,21,16,50,39,22,29,37,56,35,45,42,
60,70,35,51,65,19,23,32,45,31,28,15,34,39,27,24,43,30,40,37,43,11,26,25,11,20,35,36,29,27,31,29,14,50,19,40,21,17,30,33,19,0,33,44,13,35,39,46,20,60,64,25,39,49,59,15,27,48,23,42,8,52,43,23,21,16,16,38,30,40,14,19,32,26,33,19,18,23,23,48,43,52,33,49,46,7,44,50,26,69,41,35,49,16,44,24,55,30,23,50,51,14,33,24,29,53,10,23,43,3,41,32,21,12,25,73,33,16,42,16,73,23,26,47,29,47,0,27,27,34,20,30,43,21,54,34,26,37,30,34,20,24,47,43,20,41,29,54,27,43,42,
57,73,26,53,69,26,36,35,39,31,46,26,36,38,33,33,46,20,43,33,39,12,8,32,4,12,35,30,38,28,12,37,33,46,21,38,25,23,32,27,52,31,0,48,27,33,36,46,15,51,64,25,33,56,66,24,19,46,25,39,19,49,43,17,20,16,40,30,32,44,13,21,30,31,37,10,25,23,28,37,54,45,31,49,45,5,45,56,30,61,39,45,56,14,42,31,50,22,16,51,53,19,42,34,26,29,8,26,48,18,40,37,23,22,30,58,29,21,47,16,77,19,35,47,30,52,0,37,27,34,24,33,30,18,58,63,24,21,30,35,21,20,49,38,22,43,31,51,36,42,49,
55,55,32,53,56,21,33,36,44,33,51,32,44,37,40,35,47,32,30,30,58,15,24,33,12,24,34,32,43,9,0,42,36,46,16,26,29,19,35,30,45,36,30,56,32,35,35,41,22,54,71,26,37,54,62,27,20,51,26,42,15,57,27,20,38,17,39,38,27,50,13,25,21,34,38,13,28,24,26,46,55,45,23,39,52,7,49,56,25,60,40,42,48,18,44,35,57,32,28,50,50,25,43,30,29,56,8,23,41,18,38,42,22,23,24,72,29,22,43,21,58,20,40,48,30,47,15,30,40,38,27,54,44,29,56,69,22,4,29,44,18,19,31,34,27,32,28,51,36,35,47,
58,62,33,57,41,23,44,33,41,32,54,32,46,38,30,39,37,30,38,33,42,12,26,47,18,29,34,36,40,22,34,45,36,48,24,32,36,18,31,22,46,38,58,48,27,22,27,42,19,48,69,34,42,49,65,26,9,55,24,49,18,58,38,22,45,11,49,48,36,49,12,15,35,23,35,20,32,17,27,48,49,48,31,51,51,9,47,52,34,55,30,34,62,17,39,32,59,38,27,49,42,29,41,42,30,55,9,23,41,15,20,35,23,21,29,72,24,18,38,28,65,22,34,43,30,47,22,36,45,39,21,55,47,24,55,66,22,23,30,41,19,13,48,44,31,39,27,56,32,41,47,
43,34,20,15,30,7,15,12,19,7,23,17,12,35,26,20,19,12,21,17,17,7,30,18,8,18,17,9,20,14,21,5,15,28,12,29,13,8,11,18,25,11,22,15,19,17,34,14,6,23,9,12,11,10,36,16,6,26,12,7,6,10,20,15,11,6,21,17,21,22,8,7,19,23,17,16,5,17,24,14,18,22,13,23,16,2,32,18,14,32,22,17,23,10,18,10,14,14,15,14,21,9,22,24,19,32,5,10,14,7,13,11,20,12,4,23,15,8,26,18,36,8,15,37,15,10,30,12,15,7,12,34,23,8,18,45,15,10,9,23,22,4,20,24,15,23,21,29,11,9,11,
26,15,13,3,15,18,33,6,3,9,0,7,9,18,10,17,8,12,13,11,22,0,19,29,0,0,0,19,21,6,0,7,12,20,0,22,11,7,4,6,2,6,17,6,0,13,25,15,5,16,6,12,16,25,21,14,7,9,16,16,7,31,9,5,10,4,8,5,13,21,4,6,2,17,15,5,8,11,13,24,7,17,16,17,13,11,17,26,19,0,20,18,12,5,15,7,7,10,12,0,9,9,31,16,7,9,2,12,4,8,11,10,2,4,7,23,4,3,6,10,13,10,12,14,6,8,18,16,3,10,9,25,6,8,18,33,14,6,13,14,7,5,37,4,14,6,22,12,5,8,12,
16,34,12,9,29,0,17,6,15,9,10,9,21,25,17,18,0,8,5,11,20,0,3,12,5,5,5,3,5,0,6,10,16,19,0,26,9,0,6,5,0,9,61,0,10,17,9,10,4,13,0,13,14,17,10,14,0,24,13,9,6,0,12,15,11,3,11,10,18,28,5,3,7,22,0,0,9,7,12,6,8,0,21,12,19,3,19,23,11,9,15,14,18,10,16,0,21,15,0,0,7,11,27,6,7,15,4,2,0,1,0,8,0,8,0,0,0,0,16,3,6,0,8,25,5,5,0,18,21,7,6,3,6,11,0,18,14,8,0,22,0,5,0,16,9,32,17,0,5,0,16,
18,39,15,4,14,0,9,0,12,0,0,0,0,12,19,20,0,6,0,7,0,0,15,10,0,2,0,0,8,0,14,11,1,0,0,11,6,3,0,8,53,10,57,0,19,8,0,0,4,7,0,15,12,27,0,12,7,0,13,15,12,28,2,11,23,1,16,10,8,24,4,4,0,15,0,0,9,0,9,18,2,0,9,14,12,0,0,12,10,9,20,8,10,9,13,8,9,10,25,0,1,0,0,5,6,0,0,3,0,12,0,6,0,4,0,0,5,5,0,14,0,18,17,24,0,0,0,16,8,11,5,10,5,6,0,38,8,5,5,17,0,0,10,5,4,27,9,0,7,0,0,
0,0,16,2,18,13,14,0,0,0,7,4,0,14,13,9,0,8,0,0,0,0,23,14,0,0,0,10,4,0,1,10,3,0,0,0,6,11,0,6,0,10,3,0,5,5,0,14,0,9,13,14,15,26,0,10,6,13,5,13,12,0,0,8,9,7,0,9,25,19,7,2,3,0,0,4,8,7,0,0,0,0,18,17,18,1,17,5,18,0,0,9,3,3,4,13,0,0,7,0,6,3,0,0,5,0,5,0,0,7,0,9,8,0,1,0,16,0,0,17,0,6,17,11,0,0,6,20,0,14,10,0,9,5,6,39,0,1,0,20,0,0,12,11,5,10,7,0,0,0,0,
0,27,13,24,21,3,15,0,0,0,0,11,7,23,6,21,0,7,0,0,15,0,7,11,0,0,0,0,5,13,0,0,0,0,0,0,6,1,0,0,17,0,13,0,16,23,10,10,0,0,0,16,7,0,18,11,10,25,5,6,4,0,5,5,33,0,23,0,0,13,0,7,3,13,29,2,8,12,0,5,0,4,10,0,0,15,37,0,13,0,15,23,6,5,3,11,15,4,0,0,3,13,0,10,2,0,0,0,0,0,0,8,0,7,1,0,3,0,9,8,7,5,12,0,0,20,12,14,0,21,10,26,0,5,0,24,9,2,0,15,0,4,9,0,6,6,6,4,2,0,0,
10,18,18,0,15,0,28,0,0,3,0,1,0,10,7,11,0,10,8,0,15,0,10,0,0,0,0,0,4,0,1,0,0,0,0,0,10,3,0,0,0,15,12,0,13,11,31,0,4,14,0,17,20,12,6,14,1,20,8,12,10,0,15,8,25,2,6,0,12,25,0,3,5,6,13,0,4,7,14,0,1,23,0,0,25,0,19,8,13,0,24,4,12,0,2,24,4,16,7,0,8,0,8,11,1,0,0,6,0,12,3,11,2,0,0,14,6,0,0,8,3,12,9,0,0,0,10,17,0,21,4,17,8,0,0,0,6,7,0,19,0,0,36,5,0,0,14,0,18,0,0,
0,0,15,0,10,0,18,0,14,0,0,1,0,0,7,11,5,9,0,0,0,0,12,0,0,0,7,0,3,0,0,0,12,0,3,0,12,1,9,0,0,7,2,4,0,3,1,0,0,15,9,18,0,2,0,11,5,12,9,5,12,0,5,8,11,1,0,9,11,19,2,7,1,15,0,0,8,0,15,7,0,0,15,18,1,0,22,0,6,8,20,9,16,0,2,5,0,8,0,0,5,16,0,0,0,0,0,0,0,0,0,8,2,0,0,0,0,0,0,11,0,0,14,9,8,0,2,13,14,2,1,22,0,7,0,17,6,0,0,13,2,0,31,0,7,0,0,0,7,0,0,
0,3,0,7,0,4,7,0,3,0,0,2,0,0,6,9,0,10,0,0,4,0,10,21,0,0,0,0,2,0,3,0,4,0,0,0,13,4,0,0,14,6,0,0,8,2,0,5,3,20,1,10,12,0,0,14,7,13,4,15,3,33,0,10,4,2,0,0,0,22,0,10,10,3,12,0,12,9,0,0,2,0,11,13,25,5,22,15,4,0,0,15,17,0,0,0,20,11,2,0,3,0,0,0,2,0,0,0,0,12,0,9,0,4,0,0,0,0,0,7,0,0,19,0,0,0,15,11,24,5,9,30,3,7,0,14,2,7,0,20,3,0,4,0,4,8,12,0,0,0,0,
5,42,22,35,5,28,5,4,28,18,0,5,19,0,7,15,11,11,0,20,16,0,10,0,13,0,13,12,21,14,12,20,24,25,9,19,10,6,15,0,46,8,27,0,24,0,0,15,0,10,15,12,15,18,16,8,14,0,9,5,9,20,26,14,4,6,40,6,16,23,0,12,0,24,14,0,12,4,12,13,15,0,13,0,13,2,0,5,5,0,20,9,24,4,2,5,0,0,30,14,4,12,0,0,0,0,0,0,0,19,0,9,0,0,0,0,20,0,0,5,14,5,16,0,0,0,6,17,11,7,3,20,14,0,0,23,0,9,0,19,0,1,10,0,0,0,4,0,0,0,0,
8,0,18,0,13,23,4,0,12,0,0,2,16,0,4,14,0,1,0,4,15,0,11,8,0,0,0,19,5,0,3,0,8,16,2,0,5,0,0,0,0,0,3,0,6,13,11,0,0,16,0,9,0,15,0,8,1,14,10,22,12,0,16,8,2,0,2,0,2,21,0,4,0,0,15,0,7,7,0,18,13,0,27,15,0,3,5,9,7,0,0,12,2,9,3,6,0,0,0,0,1,0,0,5,0,0,6,7,0,16,0,9,0,12,0,0,0,0,21,10,0,3,13,0,0,0,2,9,9,9,0,27,0,5,0,25,5,5,0,14,0,3,8,10,0,0,8,0,8,0,0,
0,0,16,0,4,0,3,0,0,0,0,6,17,0,11,5,0,0,0,0,0,0,12,12,0,0,0,0,3,0,2,0,4,0,0,0,5,0,0,13,0,0,53,0,22,5,26,0,0,21,0,14,8,0,0,10,10,7,11,14,4,0,0,10,11,0,0,0,16,15,0,4,6,13,2,0,9,8,0,11,0,0,14,0,0,0,15,24,2,0,0,0,4,0,0,0,9,0,0,0,4,13,0,0,0,0,0,0,0,10,0,9,0,0,0,0,6,0,0,10,0,11,20,14,0,0,7,10,18,11,4,11,0,0,0,8,0,4,0,17,0,3,27,0,0,0,0,0,0,0,0,
0,0,3,0,2,0,9,0,0,0,8,1,0,0,4,8,0,0,6,0,20,0,12,0,0,0,0,0,10,0,0,0,0,0,0,0,11,0,0,0,0,0,15,2,2,0,5,14,0,11,19,7,9,0,0,10,7,8,10,16,2,0,10,9,9,0,7,14,0,21,0,0,7,15,18,0,11,0,0,3,0,0,3,0,0,6,12,13,5,0,0,9,5,9,0,0,17,13,10,0,0,0,0,0,0,0,0,2,0,11,0,10,0,20,0,0,0,6,0,18,0,3,15,5,0,0,8,11,21,0,4,21,0,7,0,18,0,4,0,13,0,0,0,0,12,0,0,6,0,0,0,
0,4,13,0,17,0,3,0,0,0,0,4,10,0,3,0,0,0,0,0,0,0,14,14,0,0,0,0,9,0,8,15,0,0,0,0,3,0,0,0,0,0,0,0,11,3,0,15,0,15,0,15,15,21,0,13,0,5,1,1,8,0,11,7,5,0,8,0,0,19,0,0,0,0,11,8,8,6,12,5,9,0,11,0,31,34,4,0,5,0,19,35,14,0,0,6,0,0,20,0,4,0,8,0,2,0,0,0,0,10,0,11,0,0,1,17,0,0,0,18,0,10,15,0,0,0,17,14,23,0,3,20,2,11,0,27,0,6,0,15,0,0,1,0,0,0,0,0,6,0,0,
0,41,10,0,0,0,2,0,0,0,2,2,23,0,4,0,7,0,0,0,5,0,9,0,0,0,0,18,9,0,9,5,7,0,2,0,11,7,0,6,11,8,0,0,0,3,1,0,6,23,0,8,0,15,0,16,0,0,4,7,2,6,0,7,19,0,0,9,0,16,0,0,0,0,0,0,10,0,0,21,1,33,5,21,0,2,0,0,6,0,0,0,12,0,0,15,0,0,0,0,0,11,0,0,0,0,0,0,0,4,0,8,0,0,0,0,0,4,0,11,0,12,14,0,0,0,15,8,8,0,3,14,0,3,0,32,5,8,0,11,0,24,0,3,0,0,4,0,7,0,0,
0,0,4,0,8,0,2,0,0,0,31,3,27,0,8,0,0,4,0,0,8,0,19,1,0,0,0,2,8,0,1,10,3,0,7,0,5,0,0,0,0,0,0,0,0,7,0,0,0,10,0,12,0,0,0,16,0,0,7,0,3,43,0,3,0,13,29,0,0,25,0,0,0,0,1,0,6,0,0,4,0,41,12,0,0,0,18,0,4,15,29,2,7,9,0,10,0,0,0,0,2,0,0,0,0,0,0,0,0,8,0,11,0,0,0,11,0,0,0,18,0,11,16,18,0,0,10,14,22,0,14,21,0,5,0,24,4,10,0,3,0,0,1,0,10,0,10,0,3,0,10,
0,0,15,0,15,0,10,0,0,0,8,0,18,0,10,0,0,7,0,0,3,0,13,0,0,0,11,0,11,14,0,0,0,0,0,0,7,5,0,8,0,8,0,0,0,0,0,0,4,24,0,0,0,14,0,13,0,0,12,0,4,37,0,3,0,0,0,0,0,18,0,12,0,0,33,0,13,0,0,11,1,19,1,0,0,0,7,0,4,0,0,6,14,0,0,11,16,0,0,0,3,0,0,0,0,0,0,0,4,6,0,10,1,0,0,0,20,0,12,9,0,13,20,0,0,0,6,11,14,0,7,26,0,5,0,16,0,8,0,16,0,0,2,0,0,0,0,0,3,0,0,
0,12,0,0,0,0,11,0,0,0,22,3,15,0,4,8,0,2,0,0,0,0,20,0,0,0,8,0,9,0,4,20,0,0,4,0,6,4,0,6,0,0,2,0,0,3,0,10,0,17,0,26,0,15,0,12,6,1,0,10,5,19,0,7,3,0,11,0,0,6,0,0,0,13,27,0,7,0,0,8,6,6,13,3,0,1,0,0,4,0,16,0,0,0,0,0,0,0,0,0,5,0,0,0,2,0,0,0,9,3,0,7,3,0,0,0,0,0,0,6,0,5,17,0,0,0,18,14,11,0,5,22,0,0,0,15,0,0,0,13,0,0,3,6,8,0,10,0,2,0,0,